org,repo,activity,comments,prs,commits,issues,authors_alt2,authors_alt1,authors,pushes
kubernetes,kubernetes/kubernetes,579,485,41,21,32,20,"(null),nikhiljindal,Mike Wilson,Stephen Augustus,Jordan Liggitt,Tim Hockin,zhengjiajin,Brendan Burns,Michelle Au,Guangya Liu,Jesse Haka,mlmhl,Shaw Ho,Cao Shufeng,Konstantinos Tsakalozos,zouyee,Satyadeep Musuvathy,Mikhail Mazurskiy,nikhiljindal,Jordan Liggitt,Christoph Blecker,hangaoshuai","(null),c819a7aae58f150fdb2ec9c0afc94bfb771a28ed@google.com,604a139d5883ad6874311f22d186fb8241136f9f@burntsheep.com,2865765152809a426f118f48c468c5f459425211@agst.us,ab7c1929a756689dbac5470ae93a2e9006eefe52@redhat.com,a7fdbd518df462a5f466c75739e64b480a5fc51e@google.com,7c595bc47d4c24e995d797a0f40bc0e32cdef9db@caicloud.io,e483c5ad39bc5baa18ef0f0ba35faf5f109983f8@microsoft.com,ee566a4b98ea910f71070bb3be572bcb73877fe8@google.com,a2ac01f151c8448ef37b3d008efb22256dac3ea8@gmail.com,6633ef2c46faa365e52d3e883948afc7dcfff29e@gmail.com,a9333ab03c166be28a3fb9b936582f777c1f3f00@gmail.com,a6b49c4976642097a9de1924969707189625b285@alauda.io,f07975ad5cec4d1bed6cbb67407ec08c08437353@cn.fujitsu.com,005079433f6c96f3479b89bce7c5aef5144a7cb0@canonical.com,54483efb1c8a843a97720883bd9cc262af035bfb@gmail.com,5d50414a450614a512b9cdb9631d521e385af17a@google.com,74ca74f2745b001328d43316b38dd342cd7dcbd0@atlassian.com,c819a7aae58f150fdb2ec9c0afc94bfb771a28ed@google.com,ab7c1929a756689dbac5470ae93a2e9006eefe52@redhat.com,7b2e9f54cdff413fcde01f330af6896c3cd7e6cd@toph.ca,bc630f31af6f3db9c4d9f32b99ba9334fb97865d@huawei.com",21
kubernetes,kubernetes/charts,258,190,46,19,3,7,"Chengfei Shang,AdamDang,(null),AdamDang,Anton Osmond,AdamDang,Juan José Martos,AdamDang,AdamDang,AdamDang,AdamDang,AdamDang,Chengfei Shang,Bitnami Bot,AdamDang,Chengfei Shang,AdamDang,Matt Farina,Chengfei Shang,AdamDang","4f1a8a6a31a7fa65c77553adaa2727f2189e22ad@alauda.io,599a4085d228f14435056402abcbd0b78df86763@daocloud.io,(null),599a4085d228f14435056402abcbd0b78df86763@daocloud.io,5706040e794ba471164291772924f3ca41227080@users.noreply.github.com,599a4085d228f14435056402abcbd0b78df86763@daocloud.io,4c84d3df464017321e41face5d618ac9deb4fa1a@gmail.com,599a4085d228f14435056402abcbd0b78df86763@daocloud.io,599a4085d228f14435056402abcbd0b78df86763@daocloud.io,599a4085d228f14435056402abcbd0b78df86763@daocloud.io,599a4085d228f14435056402abcbd0b78df86763@daocloud.io,599a4085d228f14435056402abcbd0b78df86763@daocloud.io,4f1a8a6a31a7fa65c77553adaa2727f2189e22ad@alauda.io,b962920b6f122d64a7f4cb8ca7a506f3e0e57f0e@bitnami.com,599a4085d228f14435056402abcbd0b78df86763@daocloud.io,4f1a8a6a31a7fa65c77553adaa2727f2189e22ad@alauda.io,599a4085d228f14435056402abcbd0b78df86763@daocloud.io,31e7b35f7f9f5d76c1e2ef239c79b97264b2f6d0@mattfarina.com,4f1a8a6a31a7fa65c77553adaa2727f2189e22ad@alauda.io,599a4085d228f14435056402abcbd0b78df86763@daocloud.io",19
kubernetes,kubernetes/test-infra,194,162,7,16,9,13,"Steve Kuznetsov,Erick Fejta,Ryan Hitchman,Haoyun,Ryan Hitchman,Benjamin Elder,cpanato,Sen Lu,(null),Sen Lu,Sen Lu,Aaron Crickenberger,Steve Kuznetsov,Michalis Kargakis,Sebastien Vas,nikhiljindal,AdamDang","590a2dd5117f7a12a3220171b278818cf486992b@redhat.com,f435a039b59097ca8365366dbd7dc9445f2683bb@google.com,1a788ff037adc90be5c9523aae3e155694c657bd@google.com,fd6e478d37f113b6e570af8338848f5bb7825c93@ghostcloud.cn,1a788ff037adc90be5c9523aae3e155694c657bd@google.com,2e822a8391909996d43bdcb3676b4d1b331cbabd@google.com,3f985c8138cd0150e6b37f437d39b0c0828ce023@gmail.com,c046cd57c13d6cbe5f67b4dfaf59acc7b16446e0@google.com,(null),c046cd57c13d6cbe5f67b4dfaf59acc7b16446e0@google.com,c046cd57c13d6cbe5f67b4dfaf59acc7b16446e0@google.com,2bf0ebd35a39bf969912204fe2ca455f87157a3b@gmail.com,590a2dd5117f7a12a3220171b278818cf486992b@redhat.com,507be340a25d4f31d599588ff525ee75ea514bb9@redhat.com,ff04a2497a98be8e0619e51f311b690f4be001bb@google.com,c819a7aae58f150fdb2ec9c0afc94bfb771a28ed@google.com,599a4085d228f14435056402abcbd0b78df86763@daocloud.io",16
kubernetes,kubernetes/kops,194,140,24,19,10,11,"zengchen1024,Sergey Lanzman,AdamDang,Tom Wilkie,andrewsykim,andrewsykim,King'ori Maina,Sergey Lanzman,andrewsykim,sunlintong,Sergey Lanzman,Justin Santa Barbara,sunlintong,sunlintong,Jason Berlinsky,Justin Santa Barbara,zengchen1024,Xiao An,(null),Justin Santa Barbara","bfbb84b5e537fd96a569ea2a6354ac1bfe2aef5b@huawei.com,657b64a37493bee3c5c56056cc7a6d69b7ca2e6b@gettaxi.com,599a4085d228f14435056402abcbd0b78df86763@daocloud.io,35c62e86979c568d68f6088bea60a6ea2058744f@gmail.com,39106133c8daaab1b5422339d1282fd412f9924e@gmail.com,39106133c8daaab1b5422339d1282fd412f9924e@gmail.com,33bcfd2688104659b70863849cdabba2b24ccccf@kingori.co,657b64a37493bee3c5c56056cc7a6d69b7ca2e6b@gettaxi.com,39106133c8daaab1b5422339d1282fd412f9924e@gmail.com,3e83e1b7c6c0e2b3d663ab8c9a67e99b907324e2@ghostcloud.cn,657b64a37493bee3c5c56056cc7a6d69b7ca2e6b@gettaxi.com,eed2bcb50b307b84ffae47fb7f0b80508b902de9@fathomdb.com,3e83e1b7c6c0e2b3d663ab8c9a67e99b907324e2@ghostcloud.cn,3e83e1b7c6c0e2b3d663ab8c9a67e99b907324e2@ghostcloud.cn,158e602a35675d2a0b685478824aa5995557a235@barefootcoders.com,eed2bcb50b307b84ffae47fb7f0b80508b902de9@fathomdb.com,bfbb84b5e537fd96a569ea2a6354ac1bfe2aef5b@huawei.com,18aa780ab70bb8b133aa3aa79c774d9a4134563a@zju.edu.cn,(null),eed2bcb50b307b84ffae47fb7f0b80508b902de9@fathomdb.com",20
envoyproxy,envoyproxy/envoy,161,122,21,11,5,10,"(null),Alex Konradi,James Sedgwick,Romain Lenglet,htuch,Matt Klein,Alex Konradi,Joshua Marantz,Matt Klein,Jarno Rajahalme,Naveen Gattu,alyssawilk","(null),ba620a55a05169d010c5abb70547829b24424b67@google.com,e7afa7a71d0e36d29a7e1afde2a80556558e293e@lyft.com,e59a0a4e85e7d44457166aef5b93195c4730723b@berabera.info,35d8823a91070b33cb5c164eb2b14f829f672e81@users.noreply.github.com,eb905f1610d5e396ded3bc6e527d46dfb547a1f9@lyft.com,ba620a55a05169d010c5abb70547829b24424b67@google.com,2fc2a4152e95eb454e93eff5d66caa52d5e5b7c6@google.com,eb905f1610d5e396ded3bc6e527d46dfb547a1f9@lyft.com,34c96149e0f84eb25c9df6d97f4a94ff9adedc00@covalent.io,c4f0931eaabaec6e0ab2ee455621c1139998daef@vsco.co,2ecc6c11d4056559889527f855372ffa39581273@google.com",13
kubernetes,kubernetes/website,111,72,15,9,15,10,"(null),Shen Yuanyu,Guang Ya Liu,eaydogan,AdamDang,Mike,Peter Wilcsinszky,Haoliang Yu,Nathan Baum,Qiming","(null),a907eb09f79e604debff8e6f40039124f9646f4d@ghostcloud.cn,a2ac01f151c8448ef37b3d008efb22256dac3ea8@gmail.com,c0c97d7ff82457707f7af0130ed151199446862b@users.noreply.github.com,599a4085d228f14435056402abcbd0b78df86763@daocloud.io,9c718659c7cd4c715abab71c311def3c89922b67@mcdargh.com,255ad28f7584e3d7bf31ad14772e4befc158a1f0@gmail.com,dd3656514c4c631de11e1a8192005e30892a9113@users.noreply.github.com,c3735bc86ade28a7fdff58b412a7d95e677ce80e@p12a.org.uk,35217ce58bb259d783b9f91c7c9faf1a22e608fb@cn.ibm.com",9
vmware,vmware/harbor,104,63,15,12,14,8,"Steven Zou,Steven Zou,Wenkai Yin,""Deng, Qian"",Steven Zou,Wenkai Yin,pfh,Yan,(null),sigsbee,Steven Zou,Tan Jiang,Yan","433535e3cae0167a16bba21e36d8cd14891c7b08@vmware.com,433535e3cae0167a16bba21e36d8cd14891c7b08@vmware.com,25e19537e308e00aff4a4901f8920181b14b0a1b@vmware.com,d25605f1af58b6f305df3b9a87fa69ebc1865b09@gmail.com,433535e3cae0167a16bba21e36d8cd14891c7b08@vmware.com,25e19537e308e00aff4a4901f8920181b14b0a1b@vmware.com,24fcf6fb6db4badd09e18c271022dce20b7d3e57@vmware.com,d023287aa41b1176274f5574ed6f320f902625a2@hotmail.com,(null),babc1b58a111f6168568407389b2dff0bbd3cc3b@users.noreply.github.com,433535e3cae0167a16bba21e36d8cd14891c7b08@vmware.com,6b1f47b5b88aaa5bb1c11394cc7e10b3bafeda43@vmware.com,d023287aa41b1176274f5574ed6f320f902625a2@hotmail.com",12
kubernetes,kubernetes/community,103,90,3,8,2,6,"(null),Paris,Paul Morie,Paris,Paris Pittman,fabriziopandini,Jorge O. Castro,Paris,Joe Beda","(null),1a30792a2bd8545e82a3b0566b5c3994e4aef5b6@google.com,23c8f2efe18c8b1e655629255406cd5bbb8de53f@redhat.com,1a30792a2bd8545e82a3b0566b5c3994e4aef5b6@google.com,1a30792a2bd8545e82a3b0566b5c3994e4aef5b6@google.com,b0ee481690db486d1e37f445021a629fb54c08fb@gmail.com,003d0b3b08c77bfdce3977af798b355c059577a6@gmail.com,1a30792a2bd8545e82a3b0566b5c3994e4aef5b6@google.com,9feca224879f54d22420a50db2d2d65927a92d16@bedafamily.com",8
grpc,grpc/grpc,79,55,10,4,10,5,"kpayson64,Muxi Yan,(null),Ara Ayvazyan,Eric Gribkoff","ac87cb0b59509d1702d30c19b221ebcc1db2ff7b@google.com,3168318b7f59d3143462ada9187de6bde8354af0@google.com,(null),7033472db54da19414d2e6afb3f0895a8da20dbe@microsoft.com,fb4b899af2f011d0c40f66896ec273a70e4fe331@google.com",4
pingcap,pingcap/tikv,76,62,8,2,4,2,"Jay,Jay,(null)","848632481c2963ff2e4e80b52028bc8173f33f82@users.noreply.github.com,848632481c2963ff2e4e80b52028bc8173f33f82@users.noreply.github.com,(null)",2
grpc,grpc/grpc-java,74,33,2,1,38,2,"(null),zpencer","(null),9055feb4090891da2536208596f63eb6206307a7@google.com",1
cncf,cncf/landscape,72,20,13,29,10,6,"Dan Kohn,(null),Andrey Kozlov,Andrey Kozlov,Alex Contini,Dan Kohn,ZeusTheTrueGod,Dan Kohn,Dan Kohn,Alex Contini,Andrey Kozlov,Dan Kohn,Dan Kohn,Dan Kohn,Dan Kohn,Alex Contini,Dan Kohn,CNCF-bot,Dan Kohn,Alex Contini,Alex Contini,ZeusTheTrueGod,Dan Kohn,ZeusTheTrueGod,Alex Contini,Dan Kohn,Andrey Kozlov,Dan Kohn,ZeusTheTrueGod,Dan Kohn","8ba258345e8c7589d20364528ac4964f896605aa@dankohn.com,(null),bcf07d0262ae73d2dc8d3c630d6e6deed30137fa@yandex.ru,bcf07d0262ae73d2dc8d3c630d6e6deed30137fa@yandex.ru,9b8a21c728b213be15c3b27bf263431cc8b4026a@linuxfoundation.org,8ba258345e8c7589d20364528ac4964f896605aa@dankohn.com,bcf07d0262ae73d2dc8d3c630d6e6deed30137fa@yandex.ru,8ba258345e8c7589d20364528ac4964f896605aa@dankohn.com,8ba258345e8c7589d20364528ac4964f896605aa@dankohn.com,9b8a21c728b213be15c3b27bf263431cc8b4026a@linuxfoundation.org,bcf07d0262ae73d2dc8d3c630d6e6deed30137fa@yandex.ru,8ba258345e8c7589d20364528ac4964f896605aa@dankohn.com,8ba258345e8c7589d20364528ac4964f896605aa@linuxfoundation.org,8ba258345e8c7589d20364528ac4964f896605aa@dankohn.com,8ba258345e8c7589d20364528ac4964f896605aa@dankohn.com,9b8a21c728b213be15c3b27bf263431cc8b4026a@linuxfoundation.org,8ba258345e8c7589d20364528ac4964f896605aa@dankohn.com,616e881177e53541ea47e5917a60deb2554e079d@cncf.io,8ba258345e8c7589d20364528ac4964f896605aa@linuxfoundation.org,9b8a21c728b213be15c3b27bf263431cc8b4026a@linuxfoundation.org,9b8a21c728b213be15c3b27bf263431cc8b4026a@linuxfoundation.org,bcf07d0262ae73d2dc8d3c630d6e6deed30137fa@yandex.ru,8ba258345e8c7589d20364528ac4964f896605aa@dankohn.com,bcf07d0262ae73d2dc8d3c630d6e6deed30137fa@yandex.ru,9b8a21c728b213be15c3b27bf263431cc8b4026a@linuxfoundation.org,8ba258345e8c7589d20364528ac4964f896605aa@dankohn.com,bcf07d0262ae73d2dc8d3c630d6e6deed30137fa@yandex.ru,8ba258345e8c7589d20364528ac4964f896605aa@dankohn.com,bcf07d0262ae73d2dc8d3c630d6e6deed30137fa@yandex.ru,8ba258345e8c7589d20364528ac4964f896605aa@linuxfoundation.org",29
kubernetes-incubator,kubernetes-incubator/kubespray,65,36,16,6,7,5,"avoidik,Wong Hoi Sing Edison,georgejdli,(null),Wong Hoi Sing Edison,Wong Hoi Sing Edison,Matthew Mosesohn","805b6e91de632204801ce8d6a461b626c3975a06@gmail.com,ef5fa4adaa63ea9c9a8c26c973328821f0a87921@gmail.com,9b40381ebb3b6e8d15e0406631e721e0d1af894d@gmail.com,(null),ef5fa4adaa63ea9c9a8c26c973328821f0a87921@gmail.com,ef5fa4adaa63ea9c9a8c26c973328821f0a87921@gmail.com,7ed6fb98f3d3e41c666c3ea14d6001e4fdfc2447@gmail.com",6
kubernetes,kubernetes/kubernetes-docs-cn,57,7,29,20,1,10,"Chengfei Shang,chentao1596,Dragons,Chengyu Zhang,fatalc,yulng,chentao1596,chentao1596,chentao1596,chentao1596,bjdzliu,Chengyu Zhang,(null),fatalc,AdamDang,chentao1596,zhanglikun,Chengyu Zhang,bjdzliu,chentao1596,Drinky Pool","4f1a8a6a31a7fa65c77553adaa2727f2189e22ad@alauda.io,4db7094d3c08012d94103e62b08e5ed924c000ad@zte.com.cn,b5a368771e577e7e548ebb165b4299bf5e5a6deb@caicloud.io,1586a71fa783b150f8a5324e932239ec409d9041@chinaunicom.cn,df7faf96029deb402ebea4163cfef9ed38498d8a@ghostcloud.cn,ea3c319c86cfbcdaccbec4a7aab0836a4fde0a5e@daocloud.io,4db7094d3c08012d94103e62b08e5ed924c000ad@zte.com.cn,4db7094d3c08012d94103e62b08e5ed924c000ad@zte.com.cn,4db7094d3c08012d94103e62b08e5ed924c000ad@zte.com.cn,4db7094d3c08012d94103e62b08e5ed924c000ad@zte.com.cn,99804ccc9a2aa561e13798635bf86692b454b122@hotmail.com,1586a71fa783b150f8a5324e932239ec409d9041@chinaunicom.cn,(null),df7faf96029deb402ebea4163cfef9ed38498d8a@ghostcloud.cn,599a4085d228f14435056402abcbd0b78df86763@daocloud.io,4db7094d3c08012d94103e62b08e5ed924c000ad@zte.com.cn,df7faf96029deb402ebea4163cfef9ed38498d8a@ghostcloud.cn,1586a71fa783b150f8a5324e932239ec409d9041@chinaunicom.cn,99804ccc9a2aa561e13798635bf86692b454b122@hotmail.com,4db7094d3c08012d94103e62b08e5ed924c000ad@zte.com.cn,bc122809c61e65273e0d2b3d299b321948e270c3@zte.com.cn",20
prometheus,prometheus/prometheus,48,36,2,0,10,1,(null),(null),0
containerd,containerd/containerd,46,31,9,3,3,4,"(null),Stephen J Day,Kenfe-Mickael Laventure,Akihiro Suda","(null),f612758db3805c4abe0d56243c03a33f3294af3f@docker.com,8ad263556b71f636ca503c450f8550467d0ea0fc@gmail.com,7cd6747b71a7adc74122600416f7675992a90168@lab.ntt.co.jp",3
envoyproxy,envoyproxy/data-plane-api,46,39,4,3,0,4,"Dhi Aurrahman,(null),Scott Weiss,Gabriel Sagula","6e9f4407f673c3c804ff1bc4722c394691f70966@rockybars.com,(null),cb5c06238caeeb1269be967baf8c564a4fe3f918@cornell.edu,f5dec83830cc7e8865777b3a75f278b8899cbab6@gmail.com",3
coredns,coredns/coredns,44,19,11,10,4,2,"Miek Gieben,Miek Gieben,Miek Gieben,(null),Miek Gieben,Miek Gieben,Miek Gieben,Miek Gieben,Miek Gieben,Miek Gieben,Miek Gieben","080b1d7b13d5f3aedb6e156fc5d05d42fc9b2485@miek.nl,080b1d7b13d5f3aedb6e156fc5d05d42fc9b2485@miek.nl,080b1d7b13d5f3aedb6e156fc5d05d42fc9b2485@miek.nl,(null),080b1d7b13d5f3aedb6e156fc5d05d42fc9b2485@miek.nl,080b1d7b13d5f3aedb6e156fc5d05d42fc9b2485@miek.nl,080b1d7b13d5f3aedb6e156fc5d05d42fc9b2485@miek.nl,080b1d7b13d5f3aedb6e156fc5d05d42fc9b2485@miek.nl,080b1d7b13d5f3aedb6e156fc5d05d42fc9b2485@miek.nl,080b1d7b13d5f3aedb6e156fc5d05d42fc9b2485@miek.nl,080b1d7b13d5f3aedb6e156fc5d05d42fc9b2485@miek.nl",10
kubernetes-incubator,kubernetes-incubator/external-storage,40,33,2,1,4,2,"(null),Ian Chakeres","(null),b03b9179432637b9b741722252307e0385ec70d6@gmail.com",1
coreos,coreos/etcd,39,18,10,5,6,4,"(null),Gyuho Lee,Gyuho Lee,Gyuho Lee,micah,ppggff","(null),fa29fb4feb4a4cf3cbf376400926b970ca926a30@gmail.com,fa29fb4feb4a4cf3cbf376400926b970ca926a30@gmail.com,fa29fb4feb4a4cf3cbf376400926b970ca926a30@gmail.com,ab3bf20a456957ab3c21b104b37d8a70f0061e3c@getbraintree.com,82401f75a7f152ed68bc9a71e51119887a63fba7@gmail.com",5
kubernetes-incubator,kubernetes-incubator/kube-aws,37,21,3,6,7,5,"Jorge Arco,Travis CI User,(null),Kyle Hodgetts (khodgetts),Fabian Selles Rosa,Travis CI User,Travis CI User","f267b9c46fee9e85aeadd3d1e6267a223f864533@gmail.com,5154a24f5803bf747f09d7bd5d605f4803acbeb6@example.org,(null),9e04f33808e2f7db244f403a2eb1291bba7da891@hotels.com,ae00fe7338d7441a7872e094d0764346b0168d4f@schibsted.com,5154a24f5803bf747f09d7bd5d605f4803acbeb6@example.org,5154a24f5803bf747f09d7bd5d605f4803acbeb6@example.org",6
containerd,containerd/cri,36,22,8,4,2,4,"Lantao Liu,Lantao Liu,(null),Tobias Klauser,Mike Brown","dc305121c5833463305c9693ce0307ed042bef19@google.com,dc305121c5833463305c9693ce0307ed042bef19@google.com,(null),76611d0c7f75091b90a99a3cff5c7f88b63f58d1@distanz.ch,b62332efb0cd9a9d18d4fdcd9e40eeff1b505671@us.ibm.com",4
kubernetes,kubernetes/helm,35,27,3,1,4,2,"(null),fibonacci1729","(null),1d28577c3a34c1ac08d512237ad32156e7267b61@deis.com",1
kubernetes,kubernetes/ingress-nginx,34,23,6,4,1,4,"Alvaro Aleman,Elvin Efendi,Sergey Lanzman,Alvaro Aleman,(null)","86f3441f891961215d9459ab1d73d7b7824b2024@users.noreply.github.com,a39c9b5feef619f0459f25b340586daf49eaefa3@gmail.com,7f23fc4b6bb6de7e838af7f30d3177a881105e7c@gettaxi.com,86f3441f891961215d9459ab1d73d7b7824b2024@users.noreply.github.com,(null)",4
grpc,grpc/grpc-go,25,4,5,2,14,3,"dfawley,Gyuho Lee,(null)","ae482f116ae28e1430a752114430a9cad53e6a34@google.com,fa29fb4feb4a4cf3cbf376400926b970ca926a30@gmail.com,(null)",2
kubernetes,kubernetes/kubectl,22,17,3,2,0,3,"Jeffrey Regan,Jeff Regan,(null)","63df2a17e8922fc7fec8fcf07b0a1c6f41643f6b@google.com,99f250fbcca610eb0644e580bbb686deef5b9718@gmail.com,(null)",2
kubernetes,kubernetes/cloud-provider-openstack,21,19,1,0,1,1,(null),(null),0
kubernetes,kubernetes/minikube,21,14,3,1,3,2,"(null),dlorenc","(null),48aefb473adbc9c5ee45211e4e25e826252c2f28@gmail.com",1
kubernetes,kubernetes/dns,19,17,1,0,1,1,(null),(null),0
cloudevents,cloudevents/spec,17,13,3,0,1,1,(null),(null),0
kubernetes-incubator,kubernetes-incubator/cri-o,16,11,2,2,1,3,"(null),Daniel J Walsh,Tobias Klauser","(null),6a27605abc9dbaa0594764ee8d1278451ea19a31@redhat.com,76611d0c7f75091b90a99a3cff5c7f88b63f58d1@distanz.ch",2
fluent,fluent/fluent-plugin-rewrite-tag-filter,15,9,3,2,1,2,"(null),Kenji Okimoto,Kenji Okimoto","(null),ec7d02423892841d72d003fca2f1fde984988dd4@clear-code.com,ec7d02423892841d72d003fca2f1fde984988dd4@clear-code.com",2
opentracing,opentracing/opentracing.io,15,13,1,0,1,1,(null),(null),0
fluent,fluent/fluent-bit,15,8,1,6,0,3,"(null),Eduardo Silva,Eduardo Silva,Eduardo Silva,Eduardo Silva,Eduardo Silva,Reinhard Tartler","(null),64d446fc68d9ea2627625995d3b5731d6612844d@treasure-data.com,64d446fc68d9ea2627625995d3b5731d6612844d@treasure-data.com,64d446fc68d9ea2627625995d3b5731d6612844d@treasure-data.com,64d446fc68d9ea2627625995d3b5731d6612844d@treasure-data.com,64d446fc68d9ea2627625995d3b5731d6612844d@treasure-data.com,79bc676401a096b06ba9416fd594fc31f44c6335@deshaw.com",6
kubernetes-incubator,kubernetes-incubator/service-catalog,14,9,2,1,2,2,"Erik Nelson,(null)","7e73f91d5b8b99f7f54a21851a2b9c5b5f0efdfd@redhat.com,(null)",1
kubernetes,kubernetes/k8s.io,13,9,3,1,0,2,"Aaron Crickenberger,(null)","2bf0ebd35a39bf969912204fe2ca455f87157a3b@gmail.com,(null)",1
kubernetes,kubernetes/kube-openapi,13,8,5,0,0,1,(null),(null),0
kubernetes,kubernetes/release,13,9,3,1,0,2,"(null),Cole Wagner","(null),9c7bf756bbd80cb320b29f2ff4b8f17c4a93cbf8@google.com",1
kubernetes-client,kubernetes-client/java,12,4,2,1,5,2,"Brendan Burns,(null)","2dc65099daa70c147f588b14a8d30fd3298d8b6a@gmail.com,(null)",1
jaegertracing,jaegertracing/jaeger-client-csharp,12,7,1,0,4,1,(null),(null),0
crosscloudci,crosscloudci/build,12,0,0,9,0,2,"denverwilliams,denverwilliams,denverwilliams,wolfpack,denverwilliams,denverwilliams,denverwilliams,denverwilliams,denverwilliams","aaafb9a787616af53584544ec60190bdb08c67f4@debian.nz,aaafb9a787616af53584544ec60190bdb08c67f4@debian.nz,aaafb9a787616af53584544ec60190bdb08c67f4@debian.nz,99c4c757962e7b5b3e5663c81f5b23320d0a82f3@vulk.co,aaafb9a787616af53584544ec60190bdb08c67f4@debian.nz,aaafb9a787616af53584544ec60190bdb08c67f4@debian.nz,aaafb9a787616af53584544ec60190bdb08c67f4@debian.nz,aaafb9a787616af53584544ec60190bdb08c67f4@debian.nz,aaafb9a787616af53584544ec60190bdb08c67f4@debian.nz",12
datawire,datawire/telepresence,12,9,0,0,3,1,(null),(null),0
fluent,fluent/fluentd,10,5,3,1,1,2,"Kenji Okimoto,(null)","ec7d02423892841d72d003fca2f1fde984988dd4@clear-code.com,(null)",1
kubernetes,kubernetes/sample-controller,10,7,0,0,3,1,(null),(null),0
Azure,Azure/brigade,10,3,4,2,1,2,"(null),Matt Butcher,Matt Butcher","(null),338a7d7d60f8b1d054673bfaf71f6717da8d1e48@microsoft.com,338a7d7d60f8b1d054673bfaf71f6717da8d1e48@microsoft.com",2
rook,rook/rook,10,5,4,1,0,2,"(null),Bassam Tabbara","(null),4270f47fee532e8dd07f9db8e8538e735c4ee4d3@upbound.io",1
vitessio,vitessio/vitess,10,8,2,0,0,1,(null),(null),0
grpc,grpc/grpc-node,9,4,1,0,4,1,(null),(null),0
opentracing,opentracing/opentracing-c,9,4,3,1,1,2,"(null),Isaac Hier","(null),e67949ed0fa0ec47567ee270567b9ea5a5a15033@gmail.com",1
kubernetes,kubernetes/kubeadm,9,9,0,0,0,1,(null),(null),0
kubernetes,kubernetes/sig-release,9,8,1,0,0,1,(null),(null),0
opentracing,opentracing/opentracing-python,9,6,2,0,1,1,(null),(null),0
crosscloudci,crosscloudci/cross-cloud,9,0,0,7,2,2,"denverwilliams,denverwilliams,denverwilliams,denverwilliams,(null),denverwilliams,denverwilliams,denverwilliams","aaafb9a787616af53584544ec60190bdb08c67f4@debian.nz,aaafb9a787616af53584544ec60190bdb08c67f4@debian.nz,aaafb9a787616af53584544ec60190bdb08c67f4@debian.nz,aaafb9a787616af53584544ec60190bdb08c67f4@debian.nz,(null),aaafb9a787616af53584544ec60190bdb08c67f4@debian.nz,aaafb9a787616af53584544ec60190bdb08c67f4@debian.nz,aaafb9a787616af53584544ec60190bdb08c67f4@debian.nz",7
open-policy-agent,open-policy-agent/opa,9,0,4,3,2,3,"(null),fossabot,Chris Aniszczyk,Chris Aniszczyk","(null),bcb73e976c69521894b99da42ff9a599cbb06a2c@fossa.io,dd7679f218adcfb61ba4d739221a7daf0e66e324@gmail.com,dd7679f218adcfb61ba4d739221a7daf0e66e324@gmail.com",3
draios,draios/falco,9,3,2,1,2,2,"Mark Stemm,(null)","ee0738fd734a71825774e3bf64b7debc57eb46e5@sysdig.com,(null)",2
kubernetes-incubator,kubernetes-incubator/node-feature-discovery,8,4,2,1,1,2,"(null),Olev Kartau","(null),ee90d0ddd7c7a5e6e77a9672397002c5b7d49e83@intel.com",1
kubernetes-client,kubernetes-client/javascript,8,5,2,0,1,1,(null),(null),0
nats-io,nats-io/pure-ruby-nats,8,0,2,6,0,2,"Waldemar Quevedo,Waldemar Quevedo,Waldemar Quevedo,Waldemar Quevedo,Waldemar Quevedo,(null),Waldemar Quevedo","9743c113c63aeff23c50b08b9ffb936182759ea2@synadia.com,9743c113c63aeff23c50b08b9ffb936182759ea2@synadia.com,9743c113c63aeff23c50b08b9ffb936182759ea2@synadia.com,9743c113c63aeff23c50b08b9ffb936182759ea2@synadia.com,9743c113c63aeff23c50b08b9ffb936182759ea2@synadia.com,(null),9743c113c63aeff23c50b08b9ffb936182759ea2@synadia.com",6
theupdateframework,theupdateframework/theupdateframework.github.io,7,7,0,0,0,1,(null),(null),0
kubernetes,kubernetes/dashboard,7,4,1,0,2,1,(null),(null),0
grpc-ecosystem,grpc-ecosystem/go-grpc-middleware,7,5,1,1,0,2,"尹吉峰,(null)","987e68d3bca5213811c9140849374ce65dd74048@gmail.com,(null)",1
nats-io,nats-io/gnatsd,7,4,0,1,2,2,"Derek Collison,(null)","531d09ee7d717b1f1e7b50a061cdb4a1ea469b22@nats.io,(null)",1
kubernetes,kubernetes/client-go,6,4,1,0,1,1,(null),(null),0
alibaba,alibaba/Dragonfly,6,0,3,2,1,2,"(null),lowzj,lowzj","(null),b58800ef5b8037fcb17c281b5b8ed24e9c9d0da7@gmail.com,b58800ef5b8037fcb17c281b5b8ed24e9c9d0da7@gmail.com",2
prometheus,prometheus/blackbox_exporter,6,3,2,1,0,2,"(null),Dmitriy Lukyanchikov","(null),11b860f6f495d570da0821cfe14237cf34b523e8@users.noreply.github.com",1
nats-io,nats-io/python-nats,6,1,3,2,0,2,"Charlie Strawn,Charlie Strawn,(null)","4f867c5cd53b1a190355c039a04efe0955e082b4@gmail.com,4f867c5cd53b1a190355c039a04efe0955e082b4@gmail.com,(null)",2
kubernetes-incubator,kubernetes-incubator/bootkube,6,5,1,0,0,1,(null),(null),0
kubernetes,kubernetes/kompose,6,3,2,0,1,1,(null),(null),0
kubernetes-client,kubernetes-client/python,6,4,0,0,2,1,(null),(null),0
nats-io,nats-io/nats-streaming-server,6,0,2,3,0,2,"Ivan Kozlovic,(null),Ivan Kozlovic,Ivan Kozlovic","053116c27f7cefb015ca522af26b33796f5e816a@synadia.com,(null),053116c27f7cefb015ca522af26b33796f5e816a@synadia.com,053116c27f7cefb015ca522af26b33796f5e816a@synadia.com",4
kubernetes,kubernetes/features,5,5,0,0,0,1,(null),(null),0
jaegertracing,jaegertracing/jaeger-client-node,5,2,1,2,0,2,"Won Jun Jang,Won Jun Jang,(null)","cbd0ccc5e3c027e958b8dcbdd36c6842f84bba48@uber.com,cbd0ccc5e3c027e958b8dcbdd36c6842f84bba48@uber.com,(null)",2
coredns,coredns/deployment,5,1,2,1,1,2,"(null),Chris O'Haver","(null),a367e9b7f7c07ef22a5ca567a432ba86224116c1@infoblox.com",1
theupdateframework,theupdateframework/tuf,5,1,1,2,1,3,"pyup-bot,(null),Vladimir Diaz","73a0d062c5c1634235edf63c58628ef4a045c89a@pyup.io,(null),e05ef8eb9a3f729ad5ce4f3c2249115814213f4c@gmail.com",2
fluent,fluent/fluent-logger-php,5,4,1,0,0,1,(null),(null),0
kubernetes,kubernetes/kube-deploy,5,3,0,0,2,1,(null),(null),0
grpc,grpc/grpc-swift,5,3,2,0,0,1,(null),(null),0
cncf,cncf/toc,5,1,1,3,0,2,"Chris Aniszczyk,Chris Aniszczyk,Chris Aniszczyk,(null)","dd7679f218adcfb61ba4d739221a7daf0e66e324@gmail.com,dd7679f218adcfb61ba4d739221a7daf0e66e324@gmail.com,dd7679f218adcfb61ba4d739221a7daf0e66e324@gmail.com,(null)",3
kubernetes,kubernetes/heapster,5,4,0,1,0,2,"Sen Lu,(null)","c046cd57c13d6cbe5f67b4dfaf59acc7b16446e0@google.com,(null)",1
kubernetes-client,kubernetes-client/csharp,4,3,1,0,0,1,(null),(null),0
prometheus,prometheus/client_python,4,3,0,0,1,1,(null),(null),0
prometheus,prometheus/common,4,2,1,0,1,1,(null),(null),0
kubernetes-helm,kubernetes-helm/chartmuseum,4,2,0,0,2,1,(null),(null),0
jaegertracing,jaegertracing/jaeger,4,3,1,0,0,1,(null),(null),0
opentracing,opentracing/opentracing-java,4,3,1,0,0,1,(null),(null),0
jaegertracing,jaegertracing/documentation,4,2,1,0,1,1,(null),(null),0
kubernetes-csi,kubernetes-csi/docs,4,2,1,1,0,2,"David Zhu,(null)","c0efbb6aa19e5ea988531bc00ea6dca765ea1b05@google.com,(null)",1
kubernetes-sigs,kubernetes-sigs/kubebuilder,4,0,3,1,0,2,"Phillip Wittrock,(null)","6f591d22447e63fbd3e5dfd519642254dfd888a3@google.com,(null)",1
kubernetes,kubernetes/ingress-gce,4,1,1,1,1,2,"(null),Ashley Gau","(null),0ec9442f520987fc890213f978036391a829b413@gmail.com",1
kubernetes-incubator,kubernetes-incubator/cri-tools,4,1,1,1,1,2,"Lantao Liu,(null)","dc305121c5833463305c9693ce0307ed042bef19@google.com,(null)",1
prometheus,prometheus/docs,4,3,1,0,0,1,(null),(null),0
coredns,coredns/example,4,0,2,2,0,2,"Miek Gieben,Miek Gieben,(null)","080b1d7b13d5f3aedb6e156fc5d05d42fc9b2485@miek.nl,080b1d7b13d5f3aedb6e156fc5d05d42fc9b2485@miek.nl,(null)",2
cncf,cncf/devstats,4,2,0,2,0,2,"Lukasz Gryglicki,(null),Lukasz Gryglicki","45692ab76fec20a1f6e01d87756104363138f485@o2.pl,(null),45692ab76fec20a1f6e01d87756104363138f485@o2.pl",2
prometheus,prometheus/alertmanager,3,1,0,0,2,1,(null),(null),0
kubernetes,kubernetes/examples,3,2,0,1,0,2,"Noel Bundick,(null)","e54e37d8476938a6a31549349764007cefcff47a@gmail.com,(null)",1
spiffe,spiffe/spire,3,0,2,1,0,2,"(null),Evan Gilman","(null),b56a73be3c8676ad8d455994d41c9be285e7858f@scytale.io",1
grpc,grpc/grpc-web,3,0,2,1,0,2,"Stanley Cheung,(null)","4f50203b49157f257303ec8f6a13329843d0beca@google.com,(null)",1
kubernetes-incubator,kubernetes-incubator/kube-arbitrator,3,0,2,1,0,2,"(null),Hitoshi Mitake","(null),5b2187c33a904b291d57dc5560a08df5e7ab946d@lab.ntt.co.jp",1
prometheus,prometheus/collectd_exporter,3,2,0,0,1,1,(null),(null),0
nats-io,nats-io/nkeys,3,0,0,3,0,2,"Derek Collison,Derek Collison,Derek Collison","531d09ee7d717b1f1e7b50a061cdb4a1ea469b22@nats.io,531d09ee7d717b1f1e7b50a061cdb4a1ea469b22@nats.io,5f3ca9dac831602e78974c2a50d2b5e43d359dd0@gmail.com",3
weaveworks,weaveworks/cortex,3,1,2,0,0,1,(null),(null),0
nats-io,nats-io/node-nats,3,1,0,1,1,2,"Alberto Ricart,(null)","51eb649e4367ce00474171c9f5243d7df9fa3b6f@synadia.com,(null)",1
opentracing,opentracing/opentracing-cpp,3,2,0,0,1,1,(null),(null),0
envoyproxy,envoyproxy/envoyproxy.github.io,3,0,0,3,0,1,"envoy-docs(travis),envoy-docs(travis),envoy-docs(travis)","037a7aaa361f6d2e0e0f657992028c0ffd35d778@users.noreply.github.com,037a7aaa361f6d2e0e0f657992028c0ffd35d778@users.noreply.github.com,037a7aaa361f6d2e0e0f657992028c0ffd35d778@users.noreply.github.com",3
opentracing,opentracing/opentracing-csharp,3,1,0,0,2,1,(null),(null),0
kubernetes-client,kubernetes-client/python-base,2,2,0,0,0,1,(null),(null),0
fluent,fluent/fluentd-docs,2,0,0,2,0,1,"Masahiro Nakagawa,Masahiro Nakagawa","7b6f9956b505f4c92ccbb03061f043d0f8912595@gmail.com,7b6f9956b505f4c92ccbb03061f043d0f8912595@gmail.com",2
prometheus,prometheus/snmp_exporter,2,2,0,0,0,1,(null),(null),0
fluent,fluent/fluent-bit-kubernetes-logging,2,0,0,2,0,1,"Eduardo Silva,Eduardo Silva","64d446fc68d9ea2627625995d3b5731d6612844d@treasure-data.com,64d446fc68d9ea2627625995d3b5731d6612844d@treasure-data.com",2
open-policy-agent,open-policy-agent/client-python,2,0,0,2,0,1,"repenno,repenno","3ad37aaba9fde8ff2f51a096141bd1fc366fed2d@gmail.com,3ad37aaba9fde8ff2f51a096141bd1fc366fed2d@gmail.com",2
prometheus,prometheus/tsdb,2,2,0,0,0,1,(null),(null),0
envoyproxy,envoyproxy/go-control-plane,2,0,2,0,0,1,(null),(null),0
kubernetes-sigs,kubernetes-sigs/poseidon,2,2,0,0,0,1,(null),(null),0
kubernetes,kubernetes/steering,2,1,0,1,0,2,"sarahnovotny,(null)","fb04a4ba1b17ce6663037fdbc857168b43b2d652@gmail.com,(null)",1
prometheus,prometheus/mysqld_exporter,2,2,0,0,0,1,(null),(null),0
kubernetes,kubernetes/frakti,2,2,0,0,0,1,(null),(null),0
opentracing,opentracing/basictracer-go,2,1,1,0,0,1,(null),(null),0
virtual-kubelet,virtual-kubelet/virtual-kubelet,2,2,0,0,0,1,(null),(null),0
kubernetes-incubator,kubernetes-incubator/external-dns,2,0,1,0,1,1,(null),(null),0
prometheus,prometheus/node_exporter,2,2,0,0,0,1,(null),(null),0
containerd,containerd/project,1,0,0,0,1,1,(null),(null),0
kubernetes,kubernetes/kube-state-metrics,1,0,0,0,1,1,(null),(null),0
grpc,grpc/proposal,1,0,1,0,0,1,(null),(null),0
prometheus,prometheus/client_ruby,1,1,0,0,0,1,(null),(null),0
open-policy-agent,open-policy-agent/opa-istio-plugin,1,0,0,0,1,1,(null),(null),0
kubernetes,kubernetes/contrib,1,1,0,0,0,1,(null),(null),0
jaegertracing,jaegertracing/cpp-client,1,0,0,0,1,1,(null),(null),0
fluent,fluent/fluent-bit-docs,1,0,0,1,0,1,Eduardo Silva,64d446fc68d9ea2627625995d3b5731d6612844d@treasure-data.com,1
kubernetes-helm,kubernetes-helm/community,1,1,0,0,0,1,(null),(null),0
prometheus,prometheus/consul_exporter,1,1,0,0,0,1,(null),(null),0
coredns,coredns/fallback,1,0,1,0,0,1,(null),(null),0
jaegertracing,jaegertracing/jaeger-client-python,1,1,0,0,0,1,(null),(null),0
nats-io,nats-io/prometheus-nats-exporter,1,1,0,0,0,1,(null),(null),0
prometheus,prometheus/graphite_exporter,1,0,0,0,1,1,(null),(null),0
rkt,rkt/rkt,1,0,0,0,1,1,(null),(null),0
kubernetes-csi,kubernetes-csi/drivers,1,1,0,0,0,1,(null),(null),0
opentracing,opentracing/opentracing-objc,1,0,1,0,0,1,(null),(null),0
kubernetes-csi,kubernetes-csi/external-provisioner,1,1,0,0,0,1,(null),(null),0
kubernetes,kubernetes/federation,1,1,0,0,0,1,(null),(null),0
kubernetes,kubernetes/code-generator,1,1,0,0,0,1,(null),(null),0
kubernetes-incubator,kubernetes-incubator/reference-docs,1,0,1,0,0,1,(null),(null),0
kubernetes,kubernetes/node-problem-detector,1,1,0,0,0,1,(null),(null),0
jaegertracing,jaegertracing/xdock-zipkin-brave,1,0,1,0,0,1,(null),(null),0
fluent,fluent/NLog.Targets.Fluentd,1,1,0,0,0,1,(null),(null),0
fluent,fluent/fluentd-website,1,0,0,1,0,1,Masahiro Nakagawa,7b6f9956b505f4c92ccbb03061f043d0f8912595@gmail.com,1
containernetworking,containernetworking/plugins,1,1,0,0,0,1,(null),(null),0
opentracing,opentracing/opentracing-java-v030,1,0,1,0,0,1,(null),(null),0
fluent,fluent/fluent-plugin-s3,1,1,0,0,0,1,(null),(null),0
kubernetes,kubernetes/repo-infra,1,0,0,0,1,1,(null),(null),0
kubernetes,kubernetes/apiextensions-apiserver,1,1,0,0,0,1,(null),(null),0
